Workbook

Sheet Social Media Analytics
A1: Post ID | B1: Platform | C1: Post Date | D1: Content Type | E1: Impressions | F1: Reach | G1: Likes | H1: Comments | I1: Shares | J1: Engagement Rate % | K1: Engagement Rate | L1: Content Type | M1: Total Shares | O1: Q1 Answer
A2: POST-60001 | B2: Facebook | C2: 45685 | D2: Text | E2: 24500 | F2: 7733 | G2: 383 | H2: 68 | I2: 188 | J2: 8.26 | K2: =(G2+H2+I2)/E2 -> 0.026081633 | L2: Text | M2: =SUMIF(D:D,L2,I:I) -> 13094 | O2: Content type with highest total shares: | P2: =M8 -> Reel
A3: POST-60002 | B3: Instagram | C3: 45959 | D3: Image | E3: 23105 | F3: 11753 | G3: 298 | H3: 61 | I3: 69 | J3: 3.64 | K3: =(G3+H3+I3)/E3 -> 0.018524129 | L3: Image | M3: =SUMIF(D:D,L3,I:I) -> 18617 | O3: Total shares for that content type: | P3: =MAX(M2:M6) -> 444520
A4: POST-60003 | B4: Twitter | C4: 45433 | D4: Video | E4: 24700 | F4: 14185 | G4: 168 | H4: 54 | I4: 238 | J4: 3.24 | K4: =(G4+H4+I4)/E4 -> 0.018623482 | L4: Video | M4: =SUMIF(D:D,L4,I:I) -> 440197
A5: POST-60004 | B5: TikTok | C5: 45835 | D5: Video | E5: 400879 | F5: 188271 | G5: 5974 | H5: 2084 | I5: 6006 | J5: 7.47 | K5: =(G5+H5+I5)/E5 -> 0.035082905 | L5: Reel | M5: =SUMIF(D:D,L5,I:I) -> 444520
A6: POST-60005 | B6: Instagram | C6: 45397 | D6: Video | E6: 13259 | F6: 5637 | G6: 352 | H6: 61 | I6: 8 | J6: 7.47 | K6: =(G6+H6+I6)/E6 -> 0.031752017 | L6: Carousel | M6: =SUMIF(D:D,L6,I:I) -> 25182
A7: POST-60006 | B7: Instagram | C7: 45372 | D7: Image | E7: 6469 | F7: 3790 | G7: 205 | H7: 10 | I7: 13 | J7: 6.02 | K7: =(G7+H7+I7)/E7 -> 0.035245015
A8: POST-60007 | B8: Instagram | C8: 45895 | D8: Reel | E8: 35618 | F8: 19926 | G8: 667 | H8: 236 | I8: 182 | J8: 5.45 | K8: =(G8+H8+I8)/E8 -> 0.030462126 | L8: winner | M8: {=INDEX(L2:L6,MATCH(MAX(M2:M6),M2:M6,0))} -> Reel
A9: POST-60008 | B9: LinkedIn | C9: 45477 | D9: Text | E9: 9468 | F9: 4910 | G9: 173 | H9: 67 | I9: 20 | J9: 5.3 | K9: =(G9+H9+I9)/E9 -> 0.027460921
A10: POST-60009 | B10: Instagram | C10: 45320 | D10: Reel | E10: 99396 | F10: 75092 | G10: 5314 | H10: 887 | I10: 706 | J10: 9.2 | K10: =(G10+H10+I10)/E10 -> 0.069489718
A11: POST-60010 | B11: TikTok | C11: 45550 | D11: Reel | E11: 27570 | F11: 16102 | G11: 1791 | H11: 337 | I11: 297 | J11: 15.06 | K11: =(G11+H11+I11)/E11 -> 0.087957925
A12: POST-60011 | B12: Facebook | C12: 45530 | D12: Video | E12: 49204 | F12: 23651 | G12: 804 | H12: 381 | I12: 677 | J12: 7.87 | K12: =(G12+H12+I12)/E12 -> 0.037842452
A13: POST-60012 | B13: TikTok | C13: 45330 | D13: Video | E13: 491623 | F13: 208356 | G13: 20614 | H13: 3190 | I13: 7463 | J13: 15.01 | K13: =(G13+H13+I13)/E13 -> 0.063599547
A14: POST-60013 | B14: Instagram | C14: 45411 | D14: Carousel | E14: 64155 | F14: 29632 | G14: 1109 | H14: 285 | I14: 145 | J14: 5.19 | K14: =(G14+H14+I14)/E14 -> 0.023988777
A15: POST-60014 | B15: Instagram | C15: 45633 | D15: Carousel | E15: 28492 | F15: 15059 | G15: 332 | H15: 141 | I15: 89 | J15: 3.73 | K15: =(G15+H15+I15)/E15 -> 0.019724835
A16: POST-60015 | B16: Instagram | C16: 45546 | D16: Video | E16: 10536 | F16: 6800 | G16: 151 | H16: 35 | I16: 32 | J16: 3.21 | K16: =(G16+H16+I16)/E16 -> 0.020690964
A17: POST-60016 | B17: LinkedIn | C17: 46013 | D17: Text | E17: 18688 | F17: 11271 | G17: 652 | H17: 106 | I17: 143 | J17: 7.99 | K17: =(G17+H17+I17)/E17 -> 0.048212757
A18: POST-60017 | B18: Facebook | C18: 45376 | D18: Carousel | E18: 21204 | F18: 13712 | G18: 177 | H18: 179 | I18: 269 | J18: 4.56 | K18: =(G18+H18+I18)/E18 -> 0.029475571
A19: POST-60018 | B19: Instagram | C19: 45918 | D19: Image | E19: 28864 | F19: 14737 | G19: 703 | H19: 146 | I19: 68 | J19: 6.22 | K19: =(G19+H19+I19)/E19 -> 0.031769678
A20: POST-60019 | B20: Instagram | C20: 45511 | D20: Image | E20: 46840 | F20: 31199 | G20: 1992 | H20: 297 | I20: 285 | J20: 8.25 | K20: =(G20+H20+I20)/E20 -> 0.054953032
... A1001: POST-61000 | B1001: TikTok | C1001: 45717 | D1001: Reel | E1001: 132006 | F1001: 59268 | G1001: 4064 | H1001: 1000 | I1001: 2514 | J1001: 12.79 | K1001: =(G1001+H1001+I1001)/E1001 -> 0.057406482

Sheet Pivot Table
A1: Pivot Table: Total Impressions & Total Likes by Platform
A3: Platform | B3: Total Impressions | C3: Total Likes
A4: Facebook | B4: =SUMIF('Social Media Analytics'!B:B,A4,'Social Media Analytics'!E:E) -> 4229271 | C4: =SUMIF('Social Media Analytics'!B:B,A4,'Social Media Analytics'!G:G) -> 62993
A5: Instagram | B5: =SUMIF('Social Media Analytics'!B:B,A5,'Social Media Analytics'!E:E) -> 12425477 | C5: =SUMIF('Social Media Analytics'!B:B,A5,'Social Media Analytics'!G:G) -> 371886
A6: LinkedIn | B6: =SUMIF('Social Media Analytics'!B:B,A6,'Social Media Analytics'!E:E) -> 2033218 | C6: =SUMIF('Social Media Analytics'!B:B,A6,'Social Media Analytics'!G:G) -> 46667
A7: TikTok | B7: =SUMIF('Social Media Analytics'!B:B,A7,'Social Media Analytics'!E:E) -> 56611226 | C7: =SUMIF('Social Media Analytics'!B:B,A7,'Social Media Analytics'!G:G) -> 2070105
A8: Twitter | B8: =SUMIF('Social Media Analytics'!B:B,A8,'Social Media Analytics'!E:E) -> 2930077 | C8: =SUMIF('Social Media Analytics'!B:B,A8,'Social Media Analytics'!G:G) -> 37591
A9: Grand Total | B9: =SUM(B4:B8) -> 78229269 | C9: =SUM(C4:C8) -> 2589242
A11: Note: Built as a formula-driven summary table (SUMIF by Platform) equivalent to an Excel Pivot Table, since this file is generated programmatically. In Excel, select the raw data range and use Insert > PivotTable for a native interactive version with the same fields (Platform in Rows, Impressions and Likes in Values).
